寮퍅,鷺朗,PR,HR,WXAB,꺼謹,料탤鷺,簞瓊刻,WXCD,ZA鷺,鷺쥑,鷺숩
,,-4.42,0.3,z땀쭷入-1.Y,5療.__Aa질儡._놓,댄.灌립令,,跏슉z쭷,-1,,True
,,-4.41,0,z땀쭷入-2.Z-2,5療.__Aa질儡._놓,딨.棺젯vW.W2,,跏슉z쭷,-2,,True
,,-4.07,0,z땀쭷入-3.Z-3,5療.__Fa驢攣찖._놓,딨.棺젯WW.W3,,跏슉z쭷,-3,,True
,,-1.72,2.63,z땀쭷入-4.Z-4,9女.__Fa驢攣찖._놓,딨.棺젯WW.W4,,跏슉z쭷,-4,,True
,,-0.47,0.35,z땀쭷入-5.Z-5,9女.__Fa驢攣찖._寮,딨.棺젯WW.W5,,跏슉z쭷,-5,,True
,,-3.75,2.11,z땀쭷入-6.Z-6,9女.__Fa驢攣찖._寮,딨.棺젯WW.W6,,跏슉z쭷,-6,,True
,,-4.74,2.19,z땀쭷入-7.Z-7,9女.__Fa驢攣찖._寮,딨.棺젯WW.W7,,跏슉z쭷,-7,,True
,,1.66,2.68,z땀쭷入-8.Z-8,9女.__Fa驢攣찖._寮,딨.棺럽凍Wo,,跏슉z쭷,-8,,True
,,-3.77,1.51,z땀쭷入-9.Z-9,9女.__Fa驢攣찖._寮,딨.棺蠱oV,,跏슉z쭷,-9,,True
